--- DYNAMIQUE GLOBALE ---;;;;
Période impulsive Ti (s),1.391451287714081;;;;
Période convective Tc (s),5.931211579504791;;;;
;;;;
--- FORCES SISMIQUES DE CALCUL ---;;;;
Accélération de calcul Sa(Ti) (g),0.06468066887763982;;;;
Accélération de calcul Sa(Tc) (g),0.020000000000000004;;;;
;;;;
Forces (kN);;;;
Force impulsive Fi,403.95219531599963;;;;
Force convective Fc,62.63958604280494;;;;
;;;;
Moments à la base (kN.m);;;;
Moment impulsif Mi,12118.56585947999;;;;
Moment convectif Mc,2156.1814534370815;;;;
;;;;
--- RÉSULTATS COMBINÉS (SRSS) ---;;;;
Effort tranchant Total V (kN),408.7800066542265;;;;
Moment de renversement Total M (kN.m),12308.889346756678;;;;
;;;;
--- VÉRIFICATION DE LA STABILITÉ ---;;;;
Facteur de Sécurité (Glissement),11.46987412139421;;;;
Vérification Glissement,OK;;;;
Facteur de Sécurité (Renversement),1.5236647556351943;;;;
Vérification Renversement,OK;;;;
